<?xml version="1.0" encoding="UTF-8"?>
<project-private xmlns="http://www.netbeans.org/ns/project-private/1">
    <editor-bookmarks xmlns="http://www.netbeans.org/ns/editor-bookmarks/2" lastBookmarkId="0"/>
    <open-files xmlns="http://www.netbeans.org/ns/projectui-open-files/2">
        <group>
            <file>file:/C:/xampp/htdocs/bu_medical/admin/index.php</file>
            <file>file:/C:/xampp/htdocs/bu_medical/admin/add_department.php</file>
            <file>file:/C:/xampp/htdocs/bu_medical/admin/view_department.php</file>
            <file>file:/C:/xampp/htdocs/bu_medical/admin/edit_department.php</file>
            <file>file:/C:/xampp/htdocs/bu_medical/admin/delete_department.php</file>
            <file>file:/C:/xampp/htdocs/bu_medical/admin/template/header.php</file>
        </group>
    </open-files>
</project-private>
